,train_TMSE_0,train_TMSE_1,train_TMSE_2,train_TMSE_3,train_TMSE_4,train_TMSE_5,train_TMSE_6,train_TMSE_7,train_TMSE_8,train_TMSE_9,train_TMSE_10,train_TMSE_11,train_TMSE_12,train_TMSE_13,train_TMSE_14,train_TMSE_15,train_TMSE_16,train_TMSE_17,train_TMSE_18,train_TMSE_19,train_TMSE_20,train_TMSE_21,train_TMSE_22,train_TMSE_23,train_TMSE_24,train_TMSE_25,train_TMSE_26,train_TMSE_27,train_TMSE_28,train_TMSE_29,mean_trainTMSE,std_trainTMSE
0,0.4769578124796333,0.9978632820572445,0.8433027206932905,0.9682513488629757,0.9437067589480156,0.43488383482747317,0.9732257267689111,0.5532310515664483,0.9631936137372119,0.8406102199994538,0.9843194434265401,0.9873264076439726,0.4316574865686018,0.9776688664736427,0.6125957313488304,0.9861399735308636,0.8778771966756547,0.9756944716286656,0.9902922320148526,0.4863611685905754,0.9792581444029974,0.614071970483696,0.9804113657223649,0.8871905651780437,0.9953511466393442,0.9921460668608754,0.44733643357085345,0.9703806496543659,0.5178002385536702,0.9849324397362738,0.8224679456215113,0.2127951421656243
