,MAPE_0,MAPE_1,MAPE_2,MAPE_3,MAPE_4,MAPE_5,MAPE_6,MAPE_7,MAPE_8,MAPE_9,MAPE_10,MAPE_11,MAPE_12,MAPE_13,MAPE_14,MAPE_15,MAPE_16,MAPE_17,MAPE_18,MAPE_19,MAPE_20,MAPE_21,MAPE_22,MAPE_23,MAPE_24,MAPE_25,MAPE_26,MAPE_27,MAPE_28,MAPE_29
0,3273.1302360603104,10309.814718243424,8067.0701755416385,7642.060904591266,7527.130471339406,4981.198564091039,5608.3012244261145,4204.54985081603,12090.17428135135,4536.890871164722,3834.198836684678,4144.443684901896,22356.37175168423,14282.26946880474,7103.256555004004,3778.756077463837,5128.524753327305,5133.301421091169,5069.397096122516,3857.627212897473,3854.944463222748,5889.984610918032,17106.567000497806,5111.358856232928,6195.105015300416,10367.823614455363,10308.521293661044,2639.386830460481,7578.050626799222,6137.033696858825
