,MAPE_0,MAPE_1,MAPE_2,MAPE_3,MAPE_4,MAPE_5,MAPE_6,MAPE_7,MAPE_8,MAPE_9,MAPE_10,MAPE_11,MAPE_12,MAPE_13,MAPE_14,MAPE_15,MAPE_16,MAPE_17,MAPE_18,MAPE_19,MAPE_20,MAPE_21,MAPE_22,MAPE_23,MAPE_24,MAPE_25,MAPE_26,MAPE_27,MAPE_28,MAPE_29
0,3256.4487661289513,3611.885255711802,2525.424389568111,2687.3165703488958,3299.5578124825133,2721.1119936507544,3188.1766943279144,2815.605843502034,27490.970811177634,3825.6971661383977,2445.137444458614,13359.407790878999,2435.31356627222,4767.913938115824,1947.439354811108,5288.889427791154,2273.7748236350862,10691.334910148342,2450.181115452943,2600.9079227172724,3455.7611578200576,3174.2805130415495,2534.067652459159,4397.211624928,3905.905872503551,3020.6735258890008,9861.494234103995,8773.980959456194,5320.216946665156,4241.526080620246
