,MAPE_0,MAPE_1,MAPE_2,MAPE_3,MAPE_4,MAPE_5,MAPE_6,MAPE_7,MAPE_8,MAPE_9,MAPE_10,MAPE_11,MAPE_12,MAPE_13,MAPE_14,MAPE_15,MAPE_16,MAPE_17,MAPE_18,MAPE_19,MAPE_20,MAPE_21,MAPE_22,MAPE_23,MAPE_24,MAPE_25,MAPE_26,MAPE_27,MAPE_28,MAPE_29
0,17310.94690478604,5643.346835413478,4457.678424012956,6158.221609103969,5922.886405407862,8727.546151158853,8489.993518070303,4857.384227315022,4218.228777580538,2692.573246117976,5669.048982011551,2046.404904860472,7900.606991272209,7491.144631888948,7898.720504115841,9978.495356056503,45318.85682607978,7616.55085036196,3132.9412093792134,8075.528620313367,13132.699814131685,5730.214959965324,13263.870489734742,6608.883190566681,25042.990668708702,8718.548104010333,6824.912315744805,14935.573777244837,7559.316978408256,8545.812388411094
