,MAPE_0,MAPE_1,MAPE_2,MAPE_3,MAPE_4,MAPE_5,MAPE_6,MAPE_7,MAPE_8,MAPE_9,MAPE_10,MAPE_11,MAPE_12,MAPE_13,MAPE_14,MAPE_15,MAPE_16,MAPE_17,MAPE_18,MAPE_19,MAPE_20,MAPE_21,MAPE_22,MAPE_23,MAPE_24,MAPE_25,MAPE_26,MAPE_27,MAPE_28,MAPE_29
0,2543.5671105344622,2896.1693856716906,4064.5767187722686,2716.225592361043,2678.834939491435,6500.5173801474575,2971.4638367155926,5004.5720966977815,3329.8764473143924,3091.011573929569,2270.314131507654,2246.990301996533,4142.864793030013,2472.3452416195587,56323.92662555708,2547.3040081491713,3345.8945139691414,2200.60776212152,4401.99243097701,2855.031844127533,8579.781415143914,2546.0983675764082,2337.7079635041346,3355.0156034442016,2327.047927188747,3051.7039492254835,2623.240427946662,2777.6298334732446,6542.625249635826,16054.642602614242
