,MAPE_0,MAPE_1,MAPE_2,MAPE_3,MAPE_4,MAPE_5,MAPE_6,MAPE_7,MAPE_8,MAPE_9,MAPE_10,MAPE_11,MAPE_12,MAPE_13,MAPE_14,MAPE_15,MAPE_16,MAPE_17,MAPE_18,MAPE_19,MAPE_20,MAPE_21,MAPE_22,MAPE_23,MAPE_24,MAPE_25,MAPE_26,MAPE_27,MAPE_28,MAPE_29
0,3763.997226735183,4027.6860860276047,4003.382227320849,10738.70807250372,3911.6071743562948,3081.4960416253734,6660.121088165443,3709.3152049448418,2711.6538507640416,7145.056112252956,4031.6227282425843,4091.7485118246627,3955.587425973411,5914.123029133917,3118.6739398137483,3347.8668139831375,8423.349174381336,3848.8380783761513,3897.979854015439,4256.738789969925,6022.690516339623,3928.3963723909565,3701.0545901080127,9360.048177491812,6208.462365907195,4127.642446127611,4949.431807065039,2656.6543533857957,2665.6672674329448,3393.7336817622995
