,MAPE_0,MAPE_1,MAPE_2,MAPE_3,MAPE_4,MAPE_5,MAPE_6,MAPE_7,MAPE_8,MAPE_9,MAPE_10,MAPE_11,MAPE_12,MAPE_13,MAPE_14,MAPE_15,MAPE_16,MAPE_17,MAPE_18,MAPE_19,MAPE_20,MAPE_21,MAPE_22,MAPE_23,MAPE_24,MAPE_25,MAPE_26,MAPE_27,MAPE_28,MAPE_29
0,3214.8397741559656,2510.136850084028,3770.9173101879455,3299.115254607571,3335.641110935656,2530.0478498876537,4673.68336316503,4423.331212235349,2304.7800872323114,2400.143721691664,2651.5065283766535,5383.140903317792,4411.7224200717155,3323.6454426707683,3768.8715981893156,2730.6226890401495,6334.639100912657,4127.9952468480915,3871.800084635367,3144.9655883199457,2790.1785184291907,11208.685943028258,2242.340920983442,3107.4366136286203,2203.533910887404,2265.2863134969425,2698.30795644291,4130.770961693914,2907.6634339455204,5296.449845182533
