,eta,epsilon,mu,K,TMSE,CB,tradeOff
0,0.05,0.35,0.05,1,1.5357518735084688,14,1.7675290144675906
