,train_TMSE_0,train_TMSE_1,train_TMSE_2,train_TMSE_3,train_TMSE_4,train_TMSE_5,train_TMSE_6,train_TMSE_7,train_TMSE_8,train_TMSE_9,train_TMSE_10,train_TMSE_11,train_TMSE_12,train_TMSE_13,train_TMSE_14,train_TMSE_15,train_TMSE_16,train_TMSE_17,train_TMSE_18,train_TMSE_19,train_TMSE_20,train_TMSE_21,train_TMSE_22,train_TMSE_23,train_TMSE_24,train_TMSE_25,train_TMSE_26,train_TMSE_27,train_TMSE_28,train_TMSE_29,mean_trainTMSE,std_trainTMSE
0,0.0320093892314834,0.02681085620361432,0.02511785850224822,0.024892632704452067,0.02546652635494008,0.024625506055287374,0.024770922109243036,0.02616391427139463,0.024743927103757033,0.025153164762469298,0.025047779947721626,0.02470553145532781,0.024984005537490726,0.024864895795034335,0.025205615483494564,0.02614434954967855,0.025756734100478223,0.026237238988366895,0.02556670092208061,0.025446303642693503,0.02477014659894184,0.02622926875594702,0.025133954976529548,0.02490697117632767,0.02510655173411886,0.02518248783350996,0.024697742214106647,0.02552237702523532,0.025327240804128643,0.02468949314601623,0.025509336232870605,0.0013265687516604585
