,train_TMSE_0,train_TMSE_1,train_TMSE_2,train_TMSE_3,train_TMSE_4,train_TMSE_5,train_TMSE_6,train_TMSE_7,train_TMSE_8,train_TMSE_9,train_TMSE_10,train_TMSE_11,train_TMSE_12,train_TMSE_13,train_TMSE_14,train_TMSE_15,train_TMSE_16,train_TMSE_17,train_TMSE_18,train_TMSE_19,train_TMSE_20,train_TMSE_21,train_TMSE_22,train_TMSE_23,train_TMSE_24,train_TMSE_25,train_TMSE_26,train_TMSE_27,train_TMSE_28,train_TMSE_29,mean_trainTMSE,std_trainTMSE
0,0.028384893839482332,0.02431952384123893,0.024644106443944082,0.025183542742381285,0.024933150082219146,0.025259426120027514,0.025050201969194816,0.024868437020999376,0.02490473019638575,0.024466216742918434,0.02510076293330776,0.02620411738529919,0.02458636935890319,0.027411745826988743,0.024997633283747864,0.0249286627703821,0.02660417782507303,0.027034046594161625,0.025066704217318443,0.02454935800898074,0.024352510516177227,0.02526989139224236,0.025412040387216818,0.027899933750365247,0.024725037893845087,0.02629782962930401,0.024646695483028246,0.02543587457383853,0.02598714626326048,0.025680360421767398,0.02547350425046666,0.00104394972568699
