,train_TMSE_0,train_TMSE_1,train_TMSE_2,train_TMSE_3,train_TMSE_4,train_TMSE_5,train_TMSE_6,train_TMSE_7,train_TMSE_8,train_TMSE_9,train_TMSE_10,train_TMSE_11,train_TMSE_12,train_TMSE_13,train_TMSE_14,train_TMSE_15,train_TMSE_16,train_TMSE_17,train_TMSE_18,train_TMSE_19,train_TMSE_20,train_TMSE_21,train_TMSE_22,train_TMSE_23,train_TMSE_24,train_TMSE_25,train_TMSE_26,train_TMSE_27,train_TMSE_28,train_TMSE_29,mean_trainTMSE,std_trainTMSE
0,0.5466779492378712,0.9835402387879997,0.8123234056685845,0.9588265928475073,0.982458879556934,0.45157404997167805,0.9840008659713977,0.5697817639758008,0.9508622062388056,0.8692402699566775,0.9686178602227878,0.9414316056679478,0.4693392190443392,0.9502346822250641,0.5922362752246215,1.0021360021133916,0.8764290048224179,0.9583038293113454,0.9862242608488906,0.43128949513662856,0.975780396925852,0.6189887958018084,0.9951114646463209,0.851935493105553,0.9802775084477393,0.9258129839654118,0.45090718447674427,0.9780021939425719,0.6104215328466296,0.9637582373730168,0.8212174749454112,0.20114625578629786
