,train_TMSE_0,train_TMSE_1,train_TMSE_2,train_TMSE_3,train_TMSE_4,mean_trainTMSE,std_trainTMSE
0,0.324865914240438,0.5194719008784509,0.46391485139930266,0.8627310360225569,0.8540412307339433,0.6050049866549383,0.21639870716331747
